ASV	Kingdom	Phylum	Class	Order	Family	Genus	Species
ASV_1	Bacteria	Verrucomicrobia	Verrucomicrobia_c	Verrucomicrobia_o	Other_f	Other
ASV_2	Bacteria	Bacteroidetes	Bacteroidetes_c	Bacteroidetes_o	Ruminococcus_f	Ruminococcus	Ruminococcus_sp_2
ASV_3	Bacteria	Actinobacteria	Actinobacteria_c	Actinobacteria_o	Other_f	Other
ASV_4	Bacteria	Actinobacteria	Actinobacteria_c	Actinobacteria_o	Other_f	Other
ASV_5	Bacteria	Actinobacteria	Actinobacteria_c	Actinobacteria_o	Other_f	Other
ASV_6	Bacteria	Verrucomicrobia	Verrucomicrobia_c	Verrucomicrobia_o	Other_f	Other
ASV_7	Bacteria	Firmicutes	Firmicutes_c	Firmicutes_o	Lactobacillus_f	Lactobacillus	Lactobacillus_sp_1
ASV_8	Bacteria	Firmicutes	Firmicutes_c	Firmicutes_o	Roseburia_f	Roseburia	Roseburia_sp_2
ASV_9	Bacteria	Firmicutes	Firmicutes_c	Firmicutes_o	Prevotella_f	Prevotella	Prevotella_sp_3
ASV_10	Bacteria	Firmicutes	Firmicutes_c	Firmicutes_o	Prevotella_f	Prevotella	Prevotella_sp_1
ASV_11	Bacteria	Proteobacteria	Proteobacteria_c	Proteobacteria_o	Other_f	Other
ASV_12	Bacteria	Proteobacteria	Proteobacteria_c	Proteobacteria_o	Other_f	Other
ASV_13	Bacteria	Firmicutes	Firmicutes_c	Firmicutes_o	Prevotella_f	Prevotella	Prevotella_sp_1
ASV_14	Bacteria	Proteobacteria	Proteobacteria_c	Proteobacteria_o	Other_f	Other
ASV_15	Bacteria	Proteobacteria	Proteobacteria_c	Proteobacteria_o	Other_f	Other
ASV_16	Bacteria	Firmicutes	Firmicutes_c	Firmicutes_o	Akkermansia_f	Akkermansia	Akkermansia_sp_1
ASV_17	Bacteria	Bacteroidetes	Bacteroidetes_c	Bacteroidetes_o	Roseburia_f	Roseburia	Roseburia_sp_2
ASV_18	Bacteria	Bacteroidetes	Bacteroidetes_c	Bacteroidetes_o	Ruminococcus_f	Ruminococcus	Ruminococcus_sp_3
ASV_19	Bacteria	Actinobacteria	Actinobacteria_c	Actinobacteria_o	Other_f	Other
ASV_20	Bacteria	Firmicutes	Firmicutes_c	Firmicutes_o	Prevotella_f	Prevotella	Prevotella_sp_2
ASV_21	Bacteria	Actinobacteria	Actinobacteria_c	Actinobacteria_o	Other_f	Other
ASV_22	Bacteria	Bacteroidetes	Bacteroidetes_c	Bacteroidetes_o	Lactobacillus_f	Lactobacillus	Lactobacillus_sp_1
ASV_23	Bacteria	Verrucomicrobia	Verrucomicrobia_c	Verrucomicrobia_o	Other_f	Other
ASV_24	Bacteria	Proteobacteria	Proteobacteria_c	Proteobacteria_o	Other_f	Other
ASV_25	Bacteria	Actinobacteria	Actinobacteria_c	Actinobacteria_o	Other_f	Other
ASV_26	Bacteria	Proteobacteria	Proteobacteria_c	Proteobacteria_o	Other_f	Other
ASV_27	Bacteria	Proteobacteria	Proteobacteria_c	Proteobacteria_o	Other_f	Other
ASV_28	Bacteria	Firmicutes	Firmicutes_c	Firmicutes_o	Escherichia_f	Escherichia	Escherichia_sp_1
ASV_29	Bacteria	Verrucomicrobia	Verrucomicrobia_c	Verrucomicrobia_o	Other_f	Other
ASV_30	Bacteria	Proteobacteria	Proteobacteria_c	Proteobacteria_o	Other_f	Other
ASV_31	Bacteria	Firmicutes	Firmicutes_c	Firmicutes_o	Akkermansia_f	Akkermansia	Akkermansia_sp_1
ASV_32	Bacteria	Bacteroidetes	Bacteroidetes_c	Bacteroidetes_o	Roseburia_f	Roseburia	Roseburia_sp_2
ASV_33	Bacteria	Proteobacteria	Proteobacteria_c	Proteobacteria_o	Other_f	Other
ASV_34	Bacteria	Firmicutes	Firmicutes_c	Firmicutes_o	Streptococcus_f	Streptococcus	Streptococcus_sp_1
ASV_35	Bacteria	Bacteroidetes	Bacteroidetes_c	Bacteroidetes_o	Escherichia_f	Escherichia	Escherichia_sp_2
ASV_36	Bacteria	Firmicutes	Firmicutes_c	Firmicutes_o	Bifidobacterium_f	Bifidobacterium	Bifidobacterium_sp_3
ASV_37	Bacteria	Verrucomicrobia	Verrucomicrobia_c	Verrucomicrobia_o	Other_f	Other
ASV_38	Bacteria	Actinobacteria	Actinobacteria_c	Actinobacteria_o	Other_f	Other
ASV_39	Bacteria	Verrucomicrobia	Verrucomicrobia_c	Verrucomicrobia_o	Other_f	Other
ASV_40	Bacteria	Verrucomicrobia	Verrucomicrobia_c	Verrucomicrobia_o	Other_f	Other
ASV_41	Bacteria	Proteobacteria	Proteobacteria_c	Proteobacteria_o	Other_f	Other
ASV_42	Bacteria	Verrucomicrobia	Verrucomicrobia_c	Verrucomicrobia_o	Other_f	Other
ASV_43	Bacteria	Actinobacteria	Actinobacteria_c	Actinobacteria_o	Other_f	Other
ASV_44	Bacteria	Verrucomicrobia	Verrucomicrobia_c	Verrucomicrobia_o	Other_f	Other
ASV_45	Bacteria	Proteobacteria	Proteobacteria_c	Proteobacteria_o	Other_f	Other
ASV_46	Bacteria	Proteobacteria	Proteobacteria_c	Proteobacteria_o	Other_f	Other
ASV_47	Bacteria	Actinobacteria	Actinobacteria_c	Actinobacteria_o	Other_f	Other
ASV_48	Bacteria	Bacteroidetes	Bacteroidetes_c	Bacteroidetes_o	Streptococcus_f	Streptococcus	Streptococcus_sp_3
ASV_49	Bacteria	Verrucomicrobia	Verrucomicrobia_c	Verrucomicrobia_o	Other_f	Other
ASV_50	Bacteria	Firmicutes	Firmicutes_c	Firmicutes_o	Akkermansia_f	Akkermansia	Akkermansia_sp_2
ASV_51	Bacteria	Actinobacteria	Actinobacteria_c	Actinobacteria_o	Other_f	Other
ASV_52	Bacteria	Actinobacteria	Actinobacteria_c	Actinobacteria_o	Other_f	Other
ASV_53	Bacteria	Actinobacteria	Actinobacteria_c	Actinobacteria_o	Other_f	Other
ASV_54	Bacteria	Actinobacteria	Actinobacteria_c	Actinobacteria_o	Other_f	Other
ASV_55	Bacteria	Actinobacteria	Actinobacteria_c	Actinobacteria_o	Other_f	Other
ASV_56	Bacteria	Proteobacteria	Proteobacteria_c	Proteobacteria_o	Other_f	Other
ASV_57	Bacteria	Bacteroidetes	Bacteroidetes_c	Bacteroidetes_o	Roseburia_f	Roseburia	Roseburia_sp_3
ASV_58	Bacteria	Actinobacteria	Actinobacteria_c	Actinobacteria_o	Other_f	Other
ASV_59	Bacteria	Firmicutes	Firmicutes_c	Firmicutes_o	Roseburia_f	Roseburia	Roseburia_sp_2
ASV_60	Bacteria	Firmicutes	Firmicutes_c	Firmicutes_o	Lactobacillus_f	Lactobacillus	Lactobacillus_sp_3
ASV_61	Bacteria	Firmicutes	Firmicutes_c	Firmicutes_o	Ruminococcus_f	Ruminococcus	Ruminococcus_sp_1
ASV_62	Bacteria	Actinobacteria	Actinobacteria_c	Actinobacteria_o	Other_f	Other
ASV_63	Bacteria	Verrucomicrobia	Verrucomicrobia_c	Verrucomicrobia_o	Other_f	Other
ASV_64	Bacteria	Firmicutes	Firmicutes_c	Firmicutes_o	Escherichia_f	Escherichia	Escherichia_sp_1
ASV_65	Bacteria	Proteobacteria	Proteobacteria_c	Proteobacteria_o	Other_f	Other
ASV_66	Bacteria	Firmicutes	Firmicutes_c	Firmicutes_o	Akkermansia_f	Akkermansia	Akkermansia_sp_3
ASV_67	Bacteria	Firmicutes	Firmicutes_c	Firmicutes_o	Escherichia_f	Escherichia	Escherichia_sp_1
ASV_68	Bacteria	Bacteroidetes	Bacteroidetes_c	Bacteroidetes_o	Prevotella_f	Prevotella	Prevotella_sp_2
ASV_69	Bacteria	Proteobacteria	Proteobacteria_c	Proteobacteria_o	Other_f	Other
ASV_70	Bacteria	Firmicutes	Firmicutes_c	Firmicutes_o	Bifidobacterium_f	Bifidobacterium	Bifidobacterium_sp_1
ASV_71	Bacteria	Firmicutes	Firmicutes_c	Firmicutes_o	Lactobacillus_f	Lactobacillus	Lactobacillus_sp_2
ASV_72	Bacteria	Bacteroidetes	Bacteroidetes_c	Bacteroidetes_o	Bifidobacterium_f	Bifidobacterium	Bifidobacterium_sp_3
ASV_73	Bacteria	Actinobacteria	Actinobacteria_c	Actinobacteria_o	Other_f	Other
ASV_74	Bacteria	Bacteroidetes	Bacteroidetes_c	Bacteroidetes_o	Escherichia_f	Escherichia	Escherichia_sp_2
ASV_75	Bacteria	Firmicutes	Firmicutes_c	Firmicutes_o	Akkermansia_f	Akkermansia	Akkermansia_sp_3
ASV_76	Bacteria	Firmicutes	Firmicutes_c	Firmicutes_o	Prevotella_f	Prevotella	Prevotella_sp_1
ASV_77	Bacteria	Firmicutes	Firmicutes_c	Firmicutes_o	Lactobacillus_f	Lactobacillus	Lactobacillus_sp_2
ASV_78	Bacteria	Bacteroidetes	Bacteroidetes_c	Bacteroidetes_o	Bacteroides_f	Bacteroides	Bacteroides_sp_3
ASV_79	Bacteria	Actinobacteria	Actinobacteria_c	Actinobacteria_o	Other_f	Other
ASV_80	Bacteria	Verrucomicrobia	Verrucomicrobia_c	Verrucomicrobia_o	Other_f	Other
ASV_81	Bacteria	Firmicutes	Firmicutes_c	Firmicutes_o	Lactobacillus_f	Lactobacillus	Lactobacillus_sp_3
ASV_82	Bacteria	Proteobacteria	Proteobacteria_c	Proteobacteria_o	Other_f	Other
ASV_83	Bacteria	Bacteroidetes	Bacteroidetes_c	Bacteroidetes_o	Akkermansia_f	Akkermansia	Akkermansia_sp_2
ASV_84	Bacteria	Actinobacteria	Actinobacteria_c	Actinobacteria_o	Other_f	Other
ASV_85	Bacteria	Bacteroidetes	Bacteroidetes_c	Bacteroidetes_o	Faecalibacterium_f	Faecalibacterium	Faecalibacterium_sp_1
ASV_86	Bacteria	Actinobacteria	Actinobacteria_c	Actinobacteria_o	Other_f	Other
ASV_87	Bacteria	Proteobacteria	Proteobacteria_c	Proteobacteria_o	Other_f	Other
ASV_88	Bacteria	Proteobacteria	Proteobacteria_c	Proteobacteria_o	Other_f	Other
ASV_89	Bacteria	Firmicutes	Firmicutes_c	Firmicutes_o	Faecalibacterium_f	Faecalibacterium	Faecalibacterium_sp_2
ASV_90	Bacteria	Verrucomicrobia	Verrucomicrobia_c	Verrucomicrobia_o	Other_f	Other
ASV_91	Bacteria	Actinobacteria	Actinobacteria_c	Actinobacteria_o	Other_f	Other
ASV_92	Bacteria	Bacteroidetes	Bacteroidetes_c	Bacteroidetes_o	Faecalibacterium_f	Faecalibacterium	Faecalibacterium_sp_2
ASV_93	Bacteria	Proteobacteria	Proteobacteria_c	Proteobacteria_o	Other_f	Other
ASV_94	Bacteria	Firmicutes	Firmicutes_c	Firmicutes_o	Ruminococcus_f	Ruminococcus	Ruminococcus_sp_1
ASV_95	Bacteria	Actinobacteria	Actinobacteria_c	Actinobacteria_o	Other_f	Other
ASV_96	Bacteria	Proteobacteria	Proteobacteria_c	Proteobacteria_o	Other_f	Other
ASV_97	Bacteria	Verrucomicrobia	Verrucomicrobia_c	Verrucomicrobia_o	Other_f	Other
ASV_98	Bacteria	Proteobacteria	Proteobacteria_c	Proteobacteria_o	Other_f	Other
ASV_99	Bacteria	Actinobacteria	Actinobacteria_c	Actinobacteria_o	Other_f	Other
ASV_100	Bacteria	Actinobacteria	Actinobacteria_c	Actinobacteria_o	Other_f	Other
